Верно ли, что на свете нет злых людей, а есть только несчастливые?=1
Можно ли делить зло на «малое» и «большое»?=1
Может ли дружба принести человеку разочарование?=1
С каким спутником легко в дороге?=1
Почему человек может бояться высказать свою позицию?=1
Важно ли, идя по жизни вперёд, оглядываться на пройденный путь?=1
На пути к благородной цели все ли средства хороши?=1
Какие средства не могут быть оправданы никакой целью?=1
Кого можно назвать верным другом?=1
Как Вы понимаете слово «долг»?=1
Помогает ли любовь справляться с жизненными трудностями?=1
Как связаны понятия "любовь" и "ответственность"?=1
Как выбрать жизненную дорогу?=1
Нужно ли осуждать отчаявшегося человека?=1
Требует ли любовь от человека работы над собой?=1
Над какими чувствами разум может быть не властен?=1
Мечтательность – это достоинство или недостаток?=1
Каким путём человек идёт к самому себе?=1
Что делает человека подлинно счастливым?=1
Может ли отзывчивый человек быть одиноким?=1
Как Вы понимаете призыв Д.С. Лихачёва: «Твори добро, не видя в том заслуги»?=1
Может ли доброта победить жестокость?=1
Когда человек оказывается перед выбором между верностью и изменой?=1
Хорош ли жизненный принцип – действовать методом проб и ошибок?=1
Когда важнее руководствоваться чувствами, а не разумом?=1
Согласны ли Вы с утверждением Андрея Болконского: «Я знаю в жизни только два настоящих несчастья: это угрызение совести и болезнь»?=1
Когда любовь становится испытанием?=1
О чём люди чаще всего мечтают?=1
Какие отношения между друзьями Вы считаете гармоничными?=1
Согласны ли Вы с утверждением французского писателя А. Дюма: «Тот, кто мстит, иногда жалеет о совершённом; тот, кто прощает, никогда не жалеет об этом»?=1
Что мешает взаимопониманию между любящими?=1
Какие качества раскрывает в человеке дружба?=1
Как Вы понимаете, что такое «честь» и «бесчестие»?=1
Почему важно научиться прощать?=1
Важно ли человеку самому выбрать свой жизненный путь?=1
Может ли дружба обернуться враждой?=1
Что мешает человеку реализовать свою мечту?=1
Какие жизненные события могут научить доброте?=1
Стоит ли мечтать о несбыточном?=1
Разделяете ли Вы убеждение героя романа «Война и мир» в том, что «гораздо благороднее осознать свою ошибку, чем довести дело до непоправимого»?=1
Согласны ли Вы с утверждением, что «время лечит»?=1
Почему месть не помогает искоренить зло?=1
Чем месть отличается от справедливого наказания?=1
Помогает ли любовь лучше понять самого себя?=1
Что важнее: любить или быть любимым?=1
Всегда ли лучше учиться на чужих ошибках, чем на своих?=1
Что значит – найти в жизни свою дорогу?=1
К каким последствиям может привести конфликт между чувствами и разумом?=1
Что значит быть честным с самим собой?=1
Почему так опасно «переступить черту»?=1
Когда победа не приносит радости и удовлетворения?=1
Как связаны между собой равнодушие и жестокость?=1
Есть ли разница между гордостью и заносчивостью?=1
В чём разница межу наказанием и местью?=1
Что нужно, чтобы любовь между мужчиной и женщиной не иссякла?=1
Как Вы понимаете утверждение, что главное условие исправления преступника – осознание своей вины?=1
Почему важно уметь контролировать свои эмоции?=1
Когда слово становится преступлением?=1
Легко ли быть победителем?=1
Как связаны добро и радость?=1
Чем руководствоваться в выборе жизненных целей?=1
Какие вопросы нужно задавать самому себе?=1
Как соотносятся понятия «великодушие» и «широта души»?=1
Что должно оставаться неизменным в любое время (любую эпоху)?=1
Чем «история души человеческой» может быть интересна другому человеку?=1
Какие жизненные победы могут быть важны для человека?=1
«Время не ждёт и не прощает ни одного потерянного мгновения» (Н.Г. Гарин-Михайловский»)=1
Что важнее в дружбе: получать или отдавать?=1
В чём драматизм поединка между гордостью и смирением?=1
Кто никогда не отчаивался, не знает цену надежды.=1
Как противостоять ударам судьбы?=1
Можно ли прожить без мечты?=1
Как бы Вы ответили на вопрос Гамлета: «Достойно ль смиряться под ударами судьбы, иль надо оказать сопротивленье?»=1
Всегда ли неизбежен конфликт мечты и действительности?=1
Измена близкого человека как горький жизненный опыт.=1
В чём, по-вашему, истинное предназначение мужчины?=1
Как нужно относиться к собственным слабостям?=1
Когда безответственность приводит к преступлению?=1
Какие ориентиры помогают не заблудиться на жизненном пути?=1
К каким последствиям может привести ревность?=1
Нужно ли бороться за свою мечту?=1
Равнодушие – вина человека или его беда?=1
Можно ли сохранить дружбу на годы?=1
Всегда ли измена своим убеждениям – это измена самому себе?=1
Считаете ли Вы синонимами понятия «отзывчивость» и «милосердие»?=1
В чём проявляется великодушие победителя?=1
Месть – это уничтожение или умножение зла?=1
Какие времена можно назвать жестокими?=1
Можно ли считать муки совести достаточным наказанием за преступление?=1
Почему люди обманывают себя?=1
Может ли достижение заветной цели привести человека к разочарованию?=1
Почему предательство обычно ищет для себя оправданий?=1
Возможно ли равенство мужчины и женщины?=1
Когда разум и чувство борются в человеке?=1
Когда непонимание между людьми приводит к вражде?=1
Верно ли, что сохранить любовь бывает труднее, чем её обрести?=1
Согласны ли Вы с мыслью, что отзывчивость – признак душевной силы человека?=1
Оправдано ли стремление к недостижимому идеалу?=1
Можно ли прожить жизнь, не совершив ошибок?=1
Без каких ошибок невозможно движение по жизненному пути?=1
Почему для человека важны не только победы, но и поражения?=1
Согласны ли Вы с тем, что «на ошибках учатся»?=1
Война – проверка на мужество и человечность.=1
Согласны ли Вы с утверждением, что человек не волен в своих чувствах?=1
Как влияет на сущность человека война?=1
Что может меняться и что должно быть неизменным в человеке?=1
Согласны ли Вы с утверждением Л. Н. Андреева: «Настоящую любовь можно узнать по тому, насколько от неё человек становится лучше…»=1
Сохранить человечность на войне… (По страницам литературы XIX-XXI вв.=1
Всегда ли она достойна его?=1
Какую победу Вы бы назвали самой трудной для человека?=1
Что может привести к разрушению любви?=1
Что помогает человеку преодолеть страх?=1
Если надежды не сбылись, они были напрасны?=1
Какие ценности должны оставаться неизменными при любых переменах?=1
Что значит жить для людей?=1
Какие качества характера ценятся больше всего в мужчине, а какие – в женщине?=1
Есть ли разница между жестокостью и суровостью?=1
В чём заключается сила доброты?=1
Как Вы понимаете слово «совесть»?=1
Почему эгоизм мешает быть великодушным?=1
Можно ли заслужить прощение?=1
Можно ли проявить смелость в повседневной жизни?=1
Могут ли мечты быть помощью на жизненном пути?=1
Как меняются мечты по мере взросления человека?=1
Что помогает человеку сохранить надежду даже в самых тяжёлых ситуациях?=1
Важно ли анализировать свои удачи и промахи?=1
Могут ли соседствовать высокие мечты и суровая реальность?=1
Что можно и нужно побеждать в самом себе?=1
Чем путешествия обогащают личность?=1
Может ли совесть наказать сильнее, чем суд?=1
Страдают ли жестокие люди?=1
Согласны ли Вы с утверждением, что равнодушие обедняет жизнь человека?=1
Что разрушает дружбу?=1
Как Вы понимаете мысль одного из героев романа «Война и мир»: «Источник блаженства не вне, а внутри нас...»?=1
Согласны ли Вы с утверждением, что истинная доброта всегда бескорыстна?=1
Зачем человеку друзья?=1
Какие уроки можно извлечь из поражения?=1
Можно ли простить злой поступок?=1
Когда о человеке можно сказать, что он верен себе?=1
Почему не кончается поединок чести с бесчестьем?=1
В чём смысл утверждения Ф. Шиллера: «Голова должна воспитывать сердце»?=1
Согласны ли Вы с утверждением французского писателя Вольтера: «Глаза дружбы редко ошибаются»?=1
Согласны ли Вы с М.Ю. Лермонтовым, назвавшим равнодушие к добру и злу «постыдным»?=1
Что человек стремится забыть, а что старается удержать в памяти?=1
Чем надежда отличается от мечты?=1
Что мешает человеку быть счастливым?=1
Помогает ли чужой опыт не совершать ошибок?=1
Почему трусость связывают с бесчестием?=1
Как связаны великодушие и милосердие?=1
Чем различаются настоящая дружба и приятельские отношения?=1
Как Вы понимаете слова древнеримского философа Цицерона: «Там победа, где согласие»?=1
Нужно ли современному человеку вести дневник?=1
Зачем человеку путешествия?=1
Какие жизненные цели Вы считаете ложными?=1
Какие «чувства добрые» пробуждает в человеке любовь?=1
Чем путешествие может обогатить человека?=1
Достижима ли гармония чувства и разума?=1
Согласны ли Вы с утверждением немецкого поэта Генриха Гейне: «Доброта лучше красоты»?=1
Почему надо «беречь честь смолоду»?=1
Чем различаются дружба и приятельство?=1
Верно ли, что надежда делает человека сильнее?=1
В чём проявляется любовь к жизни?=1
«Я люблю, и значит – я живу…» (В. С. Высоцкий)=1
Может ли быть счастлив тот, кто совершил бесчестный поступок?=1
Какой характер можно назвать противоречивым?=1
Добрым рождаются или становятся?=1
Прав ли Л.Н. Толстой, сказавший, что «добро есть вечная, высшая цель нашей жизни»?=1
Что значит «быть в ладу с самим собой»?=1
Опасна ли месть для самого мстителя?=1
Считаете ли Вы смирение добродетелью?=1
Какого человека называют целеустремленным?=1
Какие события и впечатления жизни помогают человеку взрослеть?=1
Может ли доброта противостоять жестокости?=1
Имеет ли смысл ставить перед собой недостижимые цели?=1
Почему любовь не всегда приносит счастье?=1
Помогают ли мечты в достижении жизненных целей?=1
Возможно ли счастье, построенное на несчастье других?=1
Какого человека называют отзывчивым?=1
Что значит быть самим собой?=1
Всегда ли оправдано смирение?=1
Грех и раскаяние в жизни человека.=1
Возможно ли проявление великодушия в условиях войны?=1
В чём смысл пословицы: «Доброе дело два века живёт»?=1
Как Вы понимаете смысл изречения: «Дорогу осилит идущий»?=1
Какое значение в любви имеет взаимопонимание?=1
Что такое взаимопонимание?=1
Любовь – это счастье или страдание?=1
Всегда ли мечта возвышает человека?=1
Что такое раскаяние?=1
О ком Вы можете сказать: «Нам с ним по дороге»?=1
Что значит «идти по жизни своим путём»?=1
Какие вопросы чаще всего задаёт человек самому себе?=1
В каких жизненных ситуациях нужно быть готовым к смелым поступкам?=1
Возможно ли в жизни следовать только чувствам?=1
Светлые и трагические стороны любви.=1
Смелыми рождаются или становятся?=1
Существует ли что-то, неподвластное времени?=1
Почему человек нередко становится источником несчастий других людей?=1
Как Вы понимаете слово «честь»?=1
Что помогает человеку искоренять зло в себе?=1
Что помогает мечтам сбываться?=1
Как Вы понимаете слова Л.Н. Толстого, прозвучавшие в романе «Война и мир»: «нет величия там, где нет простоты, добра и правды»?=1
Каким может быть путь к познанию самого себя?=1
Честь – это норма или принцип одиночек?=1
«Одно слово правды весь мир перетянет» (пословица).=1
Чем опасно для человека отчаяние?=1
В чём счастье и драма любви?=1
Должно ли добро вознаграждаться?=1
Честь и совесть: как связаны эти понятия?=1
Что означает «идти дорогой чести?»=1
Почему трусость связывают с бесчестием?=1
Важен ли для человека опыт других людей?=1
Как стоит относиться к ошибкам на жизненном пути?=1
Как общение с другими людьми помогает лучше понять себя?=1
Обида – это проявление слабости?=1
Согласны ли Вы с высказыванием Вольтера: «Только слабые совершают преступления: сильному и счастливому они не нужны»?=1
Временное и вечное в нашей жизни.=1
Что, вслед за А.С. Пушкиным, можно назвать «души прекрасными порывами»?=1
Согласны ли Вы с мыслью, что жизненный путь – это постоянный выбор?=1
Какие профессии немыслимы без отзывчивости?=1
Какую пользу приносят человеку путешествия?=1
Можно ли играть «на живых струнах сердца человеческого»?=1
Что может привести человека к бесчестному поступку?=1
Согласны ли Вы со словами А.И. Солженицына: «Не наказывая, даже не порицая злодеев – мы тем самым из-под новых поколений вырываем всякие основы справедливости»?=1
В чём разница между любовью и влюблённостью?=1
Пренебрежение какими нравственными ценностями чаще всего приводят к преступлению?=1
Что Вы вкладываете в понятие «женственность»?=1
Ваш ответ на вопрос героя Ф.М. Достоевского: «Не загладится ли одно, крошечное преступленьице тысячами добрых дел?»=1
Почему в жизни важно всегда надеяться на лучшее?=1
Смирение – это проявление силы человека?=1
Согласны ли Вы с утверждением Л.Н. Толстого: «Если между двумя людьми есть вражда, то виноваты оба»?=1
Что такое возмездие?=1
Когда мечты мешают человеку в жизни?=1
Почему человек идёт на преступления, зная о наказании?=1
Путешествие – способ познания себя и мира.=1
Какие последствия могут быть у мести?=1
Как связаны трусость и слабость?=1
Как Вы понимаете слова Пьера Безухова: «Надо жить, надо любить, надо верить...»?=1
Всегда ли конфликт между людьми приводит к вражде?=1
Согласны ли Вы с тем, что безвыходных ситуаций не существует?=1
В каких ситуациях человеком может овладеть отчаяние?=1
Почему человек не должен быть рабом своих чувств?=1
Когда чувства человека оказываются сильнее голоса разума?=1
Как Вы понимаете мысль автора романа «Война и мир» о том, что главная победа над врагом – это «победа нравственная»?=1
Оправдана ли жестокость военным временем?=1
Согласны ли Вы с определением древнегреческого философа Демокрита: «Великодушие – кротко переносить чужую погрешность»?=1
Как Вы понимаете известное высказывание «всё тайное становится явным»?=1
Верно ли утверждение: «надеяться и действовать – наша обязанность в несчастии»?=1
Что может исказить жизненный путь человека?=1
Согласны ли Вы с утверждением Э.М. Ремарка: «Нужно уметь и проигрывать»?=1
Что необходимо, чтобы мечты сбывались?=1
Важно ли уметь признавать собственное поражение?=1
Трудно ли делать добро?=1
Как бороться с человеческим равнодушием?=1
Можно ли изменить мечте?=1
Можно ли прийти к победе, не испытав поражений?=1
Согласны ли Вы с утверждением писателя К. Льюиса: «Главный враг любви – равнодушие, а не ненависть»?=1
Как характеризует человека его мечта?=1
Чем опасна уязвлённая гордость?=1
В чём заключается рыцарское отношение к женщине?=1
Можно ли считать честь вечным нравственным принципом?=1
Что значит «учиться на горьком опыте»?=1
Как связаны понятия чести и долга?=1
С чем, с Вашей точки зрения, нельзя смиряться?=1
Какую жизненную цель можно назвать благородной?=1
Он и она: два полюса или единство?=1
Какого человека называют великодушным?=1
Что значит быть взрослым?=1
Согласны ли Вы с утверждением героя романа М. Булгакова «Мастер и Маргарита»: «Тот, кто любит, должен разделять участь того, кого он любит»?=1
Во имя чего человек может идти на самопожертвование?=1
Связаны ли надежда и терпение?=1
Согласны ли Вы с утверждением Ж.-Ж. Руссо: «Любить глубоко – это значит забыть о себе»?=1
Как можно выйти с честью из трудной ситуации?=1
Может ли быть неравенство в дружбе?=1
Всегда ли победа возвышает победителя?=1
Как связаны доброта и способность к состраданию?=1
Какую смелость можно назвать безрассудной?=1
Почему говорят, что сила женщины – в её слабости?=1
Нужно ли странствовать по свету, чтобы найти дорогу к себе?=1
Что помогает человеку не сбиться с жизненного пути?=1
Всегда ли воплощение мечты возвышает человека?=1
Перестаёт ли побеждённый враг быть врагом?=1
Считаете ли Вы, что добрые поступки всегда бескорыстны?=1
Всегда ли разумный поступок является нравственным?=1
Можно ли простить человека, совершившего зло?=1
Может ли честь оказаться дороже жизни?=1
Как нужно относиться к своим ошибкам и промахам?=1
Он и она: искусство понимать друг друга.=1
Что является опорой человека в минуту отчаяния?=1
Можно ли добиваться победы любыми средствами?=1
Как поражение может повлиять на человека?=1
Согласны ли Вы с тем, что месть только усугубляет конфликт?=1
Куда бы Вы хотели отправиться в путешествие и почему?=1
Всякая ли мечта достойна человека?=1
Чему мешают и чему помогают сомнения?=1
В чём привлекательность трудных и опасных путешествий?=1
Верно ли, что добро и зло коренится в душе каждого человека?=1
Какие поступки человека говорят о его отзывчивости?=1
Как совесть помогает человеку совершать выбор между добром и злом?=1
Может ли любовь к человеку стать главным смыслом жизни?=1
Какие путешествия могут изменить взгляд на человека?=1
Когда поражение закаляет характер человека?=1
Нужно ли стремиться понять себя?=1
По каким признакам можно узнать настоящую любовь?=1
Согласны ли Вы с утверждением старого князя Болконского: «есть только две добродетели: деятельность и ум»?=1
Какие открытия таит в себе дорога?=1
Как Вы понимаете слова героя Ф.М. Достоевского: «Если хочешь победить весь мир, победи себя»?=1
Чем опасна заниженная самооценка?=1
Чем читательский опыт отличается от жизненного?=1
Что такое «любовь к жизни»?=1
Что может повлиять на выбор жизненного пути?=1
Когда побеждённый достоин уважения?=1
Правда ли, что легче простить врага, чем друга?=1
Как Вы понимаете слова Цицерона: «Величайшее поощрение преступления – безнаказанность»?=1
Хорош ли принцип: «как бы чего не вышло…»?=1
Чем смелость отличается от безрассудства?=1
Почему, делая добро другим, человек помогает самому себе?=1
На что способен человек ради исполнения мечты?=1
Всегда ли он достоин её?=1
Согласны ли Вы с мыслью, что мечтать надо о великом?=1
Близки ли Вам представления автора романа «Война и мир» о подлинной красоте человека?=1
На какие жертвы способны он и она ради любви?=1
Можно ли выплёскивать чувства наружу?=1
Опасен ли эгоизм для любви?=1
Сила или слабость человека проявляется в умении прощать других?=1
Всегда ли поступки, совершённые во имя любви, благородны?=1
Как Вы понимаете высказывание римского философа Сенеки: «Трудно привести к добру нравоучением, легко примером»?=1
Почему человеку важно не запятнать свою честь?=1
Почему мстительность – это порок?=1
Как связаны между собой отзывчивость и бескорыстие?=1
Только ли горечь несут человеку поражения?=1
Согласны ли Вы с Н.А. Заболоцким: «Нет на свете печальней измены, чем измена себе самому»?=1
Чем опасна завышенная самооценка?=1
Как связаны ложь и измена?=1
Что в нашей жизни необходимо принимать со смирением?=1
Согласны ли Вы с тем, что часто одно преступление порождает другое?=1
Как Вы понимаете выражение «нравственная победа»?=1
В чём может проявиться величие души?=1
Как Вы понимаете, что такое «ложный стыд», и как к нему нужно относиться?=1
Можно ли жить без цели?=1
Должен ли человек смирять свою гордость?=1
Почему доброе дело благотворно для того, кто его совершает?=1
Почему важно уметь признавать свои ошибки?=1
Почему с возрастом меняются мечты человека?=1
Стоит ли бояться изменений в своей жизни?=1
Согласны ли Вы с мнением, что смелость – это способность преодолевать страх?=1
Любовь как путь самопознания.=1
Почему на Руси преступников нередко называли «несчастными»?=1
Меняются ли со временем понятия о добре и зле?=1
Трудно или легко делать добро?=1
Какие вопросы называют «вечными»?=1
Что мешает человеку проявлять великодушие?=1
С чем бы Вы не могли смириться никогда в жизни?=1
Какие жизненные принципы и правила Вы бы постарались сохранить неизменными при любых обстоятельствах?=1
Почему люди высоко ценят отзывчивость?=1
Важно ли осмысливать свои стремления и поступки?=1
Можно ли заставить человека раскаяться?=1
Можно ли дружить с эгоистом?=1
В чём секрет гармоничных отношений между мужчиной и женщиной?=1
Всегда ли легко различить добро и зло?=1
Почему смелость часто связывают с «силой духа»?=1
От каких ошибок может предостеречь жизненный опыт?=1
Как Вы понимаете слова философа Б. Спинозы: «Души побеждают не оружием, а любовью и великодушием»?=1
Важно ли уметь прощать?=1
Какой поступок можно назвать бесчестным?=1
Разделяете ли Вы убеждение княжны Марьи, что существует «счастье прощать»?=1
Когда чувства мешают человеку поступить разумно?=1
Легко ли обрести подлинного друга?=1
Согласны ли Вы с позицией княжны Марьи: «Ежели тебе кажется, что кто-нибудь виноват перед тобой, забудь это и прости»?=1
Что легче – отомстить обидчику или простить его?=1
Почему время называют лучшим лекарем?=1
Согласны ли Вы с тем, что предательство губительно для самого предателя?=1
Какую роль в судьбе человека может сыграть трусливый поступок?=1
Как и почему становятся изменниками?=1
Как помочь человеку обрести надежду?=1
Согласны ли Вы с пословицей: «Тот больше ошибается, кто в своих ошибках не кается»?=1
Какие добрые чувства пробуждает в человеке литература?=1
Какие поступки свидетельствуют о великодушии человека?=1
Что вкладывается в понятие «счастье»?=1
Можно ли учиться на чужих ошибках?=1
Почему человек стремится обрести друзей?=1
Легко ли быть великодушным?=1
Можно ли истребить зло, не прибегая к жестокости?=1
Согласны ли Вы с утверждением А. де Сент-Экзюпери: «Любить – это не значит смотреть друг на друга, любить – это значит вместе смотреть в одном направлении»?=1
Как Вы понимаете фразу из романа М.А. Булгакова «Белая гвардия»: «Но честного слова не должен нарушать ни один человек, потому что нельзя будет жить на свете»?=1
Как Вы понимаете, что такое «нравственный закон»?=1
Как Вы понимаете утверждение: тот, кто терпеливо готовится в путь, непременно приходит к цели?=1
Сила или слабость человека проявляется в признании им своих ошибок?=1
Согласны ли Вы с утверждением Печорина, героя романа М.Ю. Лермонтова: «Из двух друзей всегда один раб другого»?=1
Почему важно уметь прощать?=1
Всегда ли чувства нужно подвергать проверке разумом?=1
Могут ли чувства быть истинными и ложными?=1
Подтвердите или опровергните слова В. Скотта: «В жизни нет ничего лучше собственного опыта».=1
Как бороться со злом?=1
Почему человеку иногда приходится делать выбор между разумом и чувствами?=1
Почему нельзя «убивать время»?=1
О чём может рассказать дорожный дневник?=1
Какого человека называют целеустремленным?=1
Можно ли быть счастливым без любви?=1
Какие цели в жизни можно считать главными?=1
Почему желание мстить опустошает душу?=1
Когда возникает конфликт между чувствами и разумом?=1
«Он и она» – вечная и каждый раз новая тема…=1
Какой опыт важнее: собственный или чужой?=1
Помогает ли любовь понять себя?=1
«Жди меня, и я вернусь…»: любовь и война.=1
Когда разум может оказаться сильнее чувств?=1
Когда гордость становится разрушительной для человека?=1
Что важно победить в самом себе?=1
Когда поражение ценнее победы?=1
Согласны ли Вы с мыслью, что неограниченная власть над людьми располагает к жестокости?=1
Когда следовать чувствам неразумно?=1
Как может повлиять на жизнь человека совершённое им зло?=1
Связаны ли смирение и доброта?=1
Кого называют трусом?=1
Заслуживает ли преступник сочувствия и почему?=1
Можно ли уважать врага?=1
В чём разница между честным человеком и человеком чести?=1
Кого можно назвать бесчестным человеком?=1
Всегда ли опыт уберегает от жизненных ошибок?=1
В чём разница между самопознанием и самосовершенствованием?=1
Всегда ли мечта – это что-то высокое?=1
Можно ли назвать совесть главным судьёй?=1
Чем надежда отличается от мечты?=1
Свобода и ответственность в жизни человека.=1
Что помогает человеку стать смелым?=1
Что может привести человека в отчаяние?=1
Какие цели могут стать смыслом жизни?=1
Актуально ли понятие чести для современного человека?=1
Какие черты характера могут помешать человеку сохранить любовь?=1
Какие чувства нужно смирять, чтобы не навредить себе и окружающим?=1
Важно ли осмысливать свои жизненные цели?=1
К чему может привести человека болезненное самолюбие?=1
Как победить в себе гордыню?=1
Как помочь человеку обрести надежду?=1
Что помогает человеку сохранять верность чести в сложной жизненной ситуации?=1
Способен ли робкий человек совершить смелый поступок?=1
Бывают ли в жизни непоправимые ошибки?=1
Почему важно осмысление пройденного пути?=1
Как связаны великодушие и сострадание?=1
Всегда ли следует доверять доводам разума?=1
Какие ошибки можно считать непоправимыми?=1
Как характеризуют человека средства, которые он выбирает для достижения своих целей?=1
Что помогает человеку не сбиться с верного пути?=1
В каких поступках человека проявляется доброта?=1
Почему первая любовь опоэтизирована человечеством?=1
Что значит поступить великодушно?=1
Как Вы понимаете выражение «Бесчестье хуже смерти»?=1
Каковы причины человеческого равнодушия?=1
Какое значение в дружбе имеет бескорыстие?=1
Почему на жизненном пути важны не только уверенность, но и сомнения?=1
Что может помешать дружбе?=1
Когда человек забывает о времени?=1
Без чего любые мечты бесплодны?=1
Верно ли утверждение: «зло, чтобы существовать, должно притворяться добром»?=1
Как Вы понимаете прозвучавшее в романе Л.Н. Толстого «Война и мир» утверждение: «Мы не столько любим людей за то добро, которое они нам сделали, сколько за то добро, которое мы им сделали»?=1
Как связаны между собой любовь и доброта?=1
Верно ли утверждение: если человек не служит добру, то он помогает злу?=1
В чём разница между целью и мечтой?=1
Могут ли благие намерения привести к преступным деяниям?=1
Что значит достойно пережить поражение?=1
Почему великодушие свидетельствует о внутренней силе человека?=1
Можно ли делить зло на «малое» и «большое»?=1
Всегда ли человек применяет к другим и к себе одинаковые правила?=1
Почему поединок между гордостью и смирением так драматичен?=1
В чём причины вражды между людьми?=1
Когда человек нуждается в разговоре с самим собой?=1
Всегда ли необходимо следовать наставлению: «Учитесь властвовать собою…»?=1
Можно ли жить без надежды на лучшее?=1
Как юношеские мечты могут повлиять на дальнейшую жизнь человека?=1
Важен ли для современного человека опыт предыдущих поколений?=1
Может ли человек, живущий по законам разума, глубоко чувствовать?=1
Какую роль в судьбе человека может сыграть самолюбие?=1
Что значит идти дорогой чести?=1
Как связаны между собой отчаяние и одиночество?=1
Можно ли требовать от других того, на что не способен сам?=1
К чему может привести отчаяние?=1
Какими качествами должен обладать человек чести?=1
Как настоящий друг может помочь в минуту отчаяния?=1
Как Вы понимаете утверждение древнегреческого философа Платона: «Честь наша состоит в том, чтобы следовать лучшему»?=1
Какими качествами должен обладать настоящий друг?=1
Можно ли обмануть самого себя?=1
Что может мешать человеку простить другого?=1
Кого можно считать счастливым человеком?=1
Что такое великодушие?=1
Когда возникает выбор между честью и бесчестием?=1
Необходимо ли ошибаться, чтобы найти верный путь?=1
Что такое самоотверженная любовь?=1
Является ли разница характеров препятствием для дружбы?=1
Почему молодое поколение порой негативно относится к опыту старших?=1
Преступниками рождаются или становятся?=1
Можно ли считать, что надежда – это проявление силы духа человека?=1
В чём, по-вашему, истинное предназначение женщины?=1
Какие чувства нужно смирять, чтобы не навредить себе и окружающим?=1
Смелость даётся от природы или воспитывается в человеке?=1
Почему так трудно отвечать добром на зло?=1
В чём проявляется великодушие?=1
Согласны ли Вы с утверждением У. Шекспира: «Влюбиться можно в красоту, но полюбить – лишь только душу»?=1
В чём проявляется смирение?=1
Почему говорят: «дорогу осилит идущий»?=1
Согласны ли Вы утверждением Н.М. Карамзина: «Лёгкие умы думают, что всё легко; мудрые знают опасность всякой перемены и живут тихо»?=1
Можно ли утверждать, что преступник перестаёт быть человеком?=1
В каких обстоятельствах проверяется дружба?=1
В чём заблуждается мстительный человек?=1
Почему жестокость разрушительна?=1
Способна ли любовь изменить человека?=1
Когда измену можно простить?=1
Как Вы понимаете известное утверждение, что главное поле битвы добра и зла – сердце человека?=1
Ради чего стоит жить?=1
Может ли доброта навредить?=1
Согласны ли Вы с тем, что милосердие превыше суда?=1
Нужны ли подвиги во имя любви?=1
Какие последствия влечёт за собой преступление для духовного мира человека?=1
Можно ли прожить без дружбы?=1
Что значит брать на себя ответственность за свою судьбу?=1
Как связаны добро и благородство?=1
Важно ли осмысливать совершённые ошибки?=1
В чём разница между смирением и покорностью?=1
Меняется ли со временем смысл понятия «честь»?=1
«Время — драгоценный подарок, данный нам, чтобы в нём стать умнее, лучше, зрелее и совершеннее» (Томас Манн)=1
Справедлива ли поговорка: «любовь слепа»?=1
Когда зло надевает маску добра?=1
Какого человека можно назвать добрым?=1
Как понять высказывание: «Пока живу – надеюсь»?=1
Можно ли считать гордость недостатком?=1
Почему многие люди считают необходимым делиться своим жизненным опытом?=1
Как на войне раскрывается характер человека?=1
Как Вы понимаете слова Д.С. Лихачёва: «Литература даёт нам колоссальный, обширнейший и глубочайший опыт жизни»?=1
Что помогает людям достигать намеченных целей?=1
Можно ли всегда и во всём доверять чужому опыту?=1
Что значит быть добрым?=1
Какие человеческие качества для Вас наиболее ценны?=1
В чем причины вражды между народами?=1
Когда кончается детство?=1
Что влечёт человека в путешествие?=1
Что помогает человеку не отчаяться в сложной жизненной ситуации?=1
Зачем анализировать поступки, которые уже нельзя исправить?=1
Правильно ли отвечать злом на зло?=1
Когда равнодушие может стать преступлением?=1
Любовь: поединок без победителей?=1
Что такое справедливость и милосердие?=1
Какой противник достоин уважения?=1
Почему нельзя постоянно жить только мечтами?=1
Что значит уметь дружить?=1
Человек в критических обстоятельствах: проблема выбора.=1
Какие вопросы волнуют человека в любую эпоху?=1
Согласны ли Вы с высказыванием Бернарда Шоу: «Наказанием лжеца оказывается то, что он сам никому больше не может верить»?=1
Когда стоит прислушиваться к разуму, а когда – к чувствам?=1
Что такое преступление против самого себя?=1
Как противостоять жестокости?=1
Что такое честь?=1
Может ли мечта изменить реальность?=1
Через какие «лазейки» зло проникает в душу человека?=1
Познается ли друг в радости?=1
Какие спасительные ориентиры помогают человеку не заблудиться на жизненном пути?=1
Преступление со спокойной совестью: возможно ли оно?=1
Как характеризует человека способность признавать свои ошибки?=1
Какого человека можно назвать мечтателем?=1
Когда приходится выбирать между подсказкой чувства и велением разума?=1
Могут ли внешние обстоятельства являться оправданием преступления?=1
Когда человек стремится убежать от реальности?=1
Может ли любовь нести человеку несчастье?=1
Согласны ли Вы с выражением: «победителей не судят»?=1
Возможно ли в жизни подчиняться только голосу разума?=1
Помогает ли разговор с собой понять других людей?=1
Что мешает счастливой любви?=1
Как Вы понимаете утверждение Л.Н. Толстого: «Притворство доброты отталкивает больше, чем откровенная злоба»?=1
Нужны ли в жизни человека недостижимые цели?=1
Какие ошибки можно назвать ценными?=1
Почему говорят, что дорога в ад вымощена благими намерениями?=1
Как Вы понимаете слова Г. Х. Андерсена: «Путешествовать – значит жить»?=1
Какого человека можно назвать праздным мечтателем?=1
Нужно ли анализировать свои ошибки?=1
Какими поступками можно гордиться?=1
Кого можно назвать человеком чести?=1
Почему многие писатели говорили об очистительной силе страдания?=1
Что делает человека подлинно счастливым?=1
Как помочь человеку преодолеть отчаяние?=1
Может ли свобода быть безграничной?=1
Могут ли люди быть друзьями, если они не сходятся во взглядах?=1
Что Вы вкладываете в понятие «мужественность»?=1
Верно ли, что надеяться можно только на себя?=1
Связаны ли надежда и терпение?=1
Нуждается ли истинная любовь во взаимности?=1
Как отличить истинную дружбу от ложной?=1
Может ли отзывчивый человек быть одиноким?=1
Может ли измениться тот, кто однажды преступил закон?=1
Могут ли быть оправдания у измены?=1
С чем бы Вы не могли смириться никогда в жизни?=1
Какие жизненные впечатления помогают верить в добро?=1
Согласны ли Вы с мыслью автора романа «Война и мир» о том, что воспитание души невозможно без падений и ошибок?=1
Какие причины могут привести человека к измене?=1
Ценности, которым изменить нельзя.=1
Нужна ли смелость в мирной жизни?=1
Что дом может рассказать о своём хозяине?=1
Согласны ли Вы с утверждением М. Горького: «Равнодушие смертоносно для души человека»?=1
Каким может быть путь к познанию самого себя?=1
Какое значение имеет пора юности в жизни человека?=1
Когда и почему люди стремятся бежать от реальности?=1
Какую любовь можно назвать настоящей?=1
Можно ли утверждать, что вера в судьбу отрицает личную ответственность?=1
Книга, которая может спасти от отчаяния.=1
Чем отличаются два чувства: влюблённость и любовь?=1
Что может явиться для человека предметом гордости?=1
«Досадно мне, коль слово "честь" забыто…» (В.С. Высоцкий).=1
Почему в любви важно понимать и прощать?=1
Зачем нужны цели в жизни?=1
Согласны ли Вы с утверждением Н.М. Карамзина: «Мужество есть великое свойство души»?=1
Какие качества раскрывает в человеке любовь?=1
Правильно ли отвечать злом на зло?=1
Почему время называют драгоценным даром?=1
Преступление – это путь к одиночеству?=1
Чем опасна свобода без ограничений?=1
Как характер человека влияет на его жизненный путь?=1
Почему жизнь часто сравнивают с дорогой?=1
Путешествие, которое изменило жизнь.=1
Согласны ли Вы с утверждением Ф.М. Достоевского: «Эгоизм умерщвляет великодушие»?=1
Что значит идти путём самосовершенствования?=1
Можно ли совершить путешествие, не выходя из дома?=1
Согласны ли Вы с мнением, что смелость – это способность преодолевать страх?=1
Почему стыд бывает ложным, а совесть нет?=1
Почему важно мудро распоряжаться своим временем?=1
Нужно ли думать о своих ошибках, даже если это причиняет боль?=1
Как Вы понимаете утверждение Н.А. Заболоцкого: «Душа обязана трудиться»?=1
Можно ли приобрести жизненный опыт, не совершая ошибок?=1
Что в большей степени управляет человеком: разум или чувства?=1
В чём разница между другом и приятелем?=1
Какая книга помогла Вам лучше понять себя? (Какое произведение искусства помогло вам лучше понять себя?)=1
Согласны ли Вы с мыслью, что предательство и измена – проявления слабости?=1
Возможно ли равнодушие в дружбе и любви?=1
Чем можно пожертвовать ради победы?=1
Согласны ли Вы с утверждением Дж. Лондона: «Как легко быть добрым!»?=1
Какую опасность таит в себе индивидуализм?=1
Что значит изменить себе?=1
Изменить себя или изменить себе - в чем различие?=1
Когда равнодушие бывает показным?=1
Как любовь помогает справиться с отчаянием?=1
Какую мечту можно назвать благородной?=1
Какую роль в жизни человека играют чувства?=1
Путь к самому себе: взлёты и падения.=1
Когда хочется остановить мгновение?=1
Что значит – заблудиться на дорогах жизни?=1
Какое из путешествий Вам запомнилось и почему?=1
Чем опасно равнодушие?=1
Согласны ли Вы с тем, что собственные страдания и трудности делают человека более отзывчивым?=1
Равнодушие как путь к одиночеству.=1
Что такое свобода?=1
Почему «гордость» и «гордыня» – разные понятия?=1
Что значит победа над самим собой?=1
Чем можно пожертвовать ради достижения большой цели?=1
Может ли смирение быть недостатком?=1
Всегда ли поражение – это трагедия для побеждённого?=1
Разделяете ли Вы позицию Б.Л. Пастернака: «Никогда, ни в каких случаях не надо отчаиваться. Надеяться и действовать – наша обязанность в несчастии»?=1
Почему гордые люди часто бывают несчастными?=1
Можно ли считать честь предрассудком?=1
Чем мечта отличается от фантазии?=1
Может ли стремление творить добро стать смыслом жизни человека?=1
Когда нужно сдерживать душевные порывы?=1
Согласны ли Вы с мыслью, что путешествие проясняет ум и лечит душу?=1
Что значит быть совестливым человеком?=1
Важно ли понимание души другого человека?=1
Почему говорят, что проигрывать надо достойно?=1
Согласны ли Вы с утверждением Б.Л. Пастернака: «Надо ставить себе задачи выше своих сил»?=1
Согласны ли Вы с утверждением Л.Н. Толстого: «Любить – значит жить жизнью того, кого любишь»?=1
Почему потеря времени считается невосполнимой потерей?=1
Каково Ваше отношение к выражению «цель оправдывает средства»?=1
Что для Вас является жизненным успехом?=1
Как, по-вашему, связаны понятия чести и совести?=1
Согласны ли Вы с мнением Пьера Безухова, что внешние трудности жизни углубляют внутреннюю душевную работу в человеке?=1
Каковы могут быть причины жестоких поступков?=1
Почему человек решается идти наперекор судьбе?=1
Зачем человек бросает вызов судьбе?=1
Когда нужно стремиться к победе любой ценой?=1
Естественная ли потребность человека проявлять доброту?=1
Верно ли, что добро всегда сильнее зла?=1
Зачем нужно делать добро?=1
Как путешествия могут изменить человека?=1
Как Вы понимаете слова философа И. Канта: «Человек всегда должен быть целью и никогда средством»?=1
Возможен ли жизненный путь без ошибок?=1
Что сложнее: принять реальность или воплотить в жизнь мечту?=1
Нужно ли стремиться к познанию самого себя?=1
Ценности, которым можно быть верным всю жизнь…=1
В чём различие между равнодушием и спокойствием?=1
Какие чувства могут быть неподвластны разуму?=1
Понимать человека или управлять им?=1
Чем опасно равнодушие?=1
Какие цели важно ставить на жизненном пути?=1
Согласны ли Вы с утверждением А. Камю: «Не быть любимым – это всего лишь неудача, не любить – вот несчастье»?=1
Как Вы понимаете выражение «дело чести»?=1
Согласны ли Вы с утверждением философа Цицерона, что для сохранения дружбы порой приходится сносить и обиды?=1
Всегда ли любовь делает человека счастливым?=1
Все ли средства хороши для достижения цели?=1
Чем могут быть ценны путевые заметки?=1
Когда возникает конфликт между мечтой и реальностью?=1
Всегда ли можно оправдать свои ошибки пословицей: «Не ошибается тот, кто ничего не делает»?=1
Почему трусом быть стыдно?=1
Согласны ли Вы с утверждением героя И.С. Тургенева: «Всякий человек сам себя воспитать должен»?=1
Как разум и чувства влияют на поступки человека?=1
Возможно ли избежать ошибок в поиске жизненного пути?=1
Одиночество: желанное или мучительное?=1
Является ли равнодушие к бедам и страданиям другого проявлением жестокости?=1
Какую жизнь можно считать прожитой не зря?=1
Возможно ли всегда поступать по совести?=1
Когда эгоизм приводит к преступлению?=1
В чём различие между ошибкой и преступлением?=1
В чём ценность путевых впечатлений?=1
Почему принято говорить, что надежда умирает последней?=1
Какую роль в становлении личности играют детство и юность?=1
Выбор пути как жизненная проблема.=1
Как связаны понятия «любовь» и «ответственность»?=1
Отчего человеку иногда трудно даётся прощение?=1
Дружба в жизни человека.=1
Согласны ли Вы с утверждением, что безвыходных положений не бывает?=1
Он и она: в чём причины непонимания?=1
Согласны ли Вы с убеждением автора романа «Война и мир», что каждый человек должен пройти свой путь духовных исканий?=1
Согласны ли Вы с утверждением лермонтовского Печорина: «Из двух друзей всегда один раб другого»?=1
«Добро должно быть с кулаками...» Так ли это?=1
Как могут добро и зло сочетаться в одном человеке?=1
Трудно ли всегда оставаться самим собой?=1
Согласны ли Вы с утверждением О. де Бальзака: «Благородное сердце не может быть неверным»?=1
Как надежда помогает выстоять в жизненных испытаниях?=1
Прав ли герой М. Горького, утверждавший: "Человек - это звучит гордо!"=1
Согласны ли вы с утверждением: "Как бы сильно ни менялся мир, люди остаются прежними"?=2
Прав ли Л. Н. Толстой, сказавший: «Все счастливые семьи похожи друг на друга, каждая несчастливая семья несчастлива по-своему»?=2
Может ли человек влиять на ход истории?=2
Возможна ли гармония между личностью и обществом?=2
В чём проявляется любовь к Родине?=2
Может ли человек полноценно жить вне общества?=2
Как Вы относитесь к такой жизненной позиции: «меня никто не понимает»?=2
Хорош ли принцип «живи сегодняшним днём»?=2
Почему вечные ценности нужны быстро меняющемуся современному миру?=2
Что нужно, чтобы стать героем времени?=2
Должно ли искусство откликаться на общественные проблемы?=2
«Мой дом – моя крепость»?=2
Какие средства для достижения целей осуждаются обществом?=2
Идеальная семейная пара: как Вы её себе представляете?=2
Главное в жизни – это карьера. Вы согласны?=2
Хорош ли принцип «моя хата с краю»?=2
Почему нельзя забывать о героях и жертвах Великой Отечественной войны?=2
О чём народ должен помнить всегда, если он не хочет исчезнуть?=2
Почему так важна связь человека с семьёй и домом?=2
Согласны ли Вы с утверждением, что самое трудное в деле перемен – научить человека мыслить по-новому?=2
Является ли богатство необходимым условием счастья?=2
От чего зависит счастье?=2
Какое значение в жизни человека имеют домашние традиции?=2
Память о войне – ответственность перед прошлым и будущим.=2
Каким я вижу своё место в жизни страны?=2
Какую роль в становлении личности могут играть старшие?=2
Согласны ли Вы с убеждением А.С. Пушкина в том, что «гордиться славою своих предков не только можно, но и должно»?=2
Какие вызовы несёт в себе эпоха перемен?=2
Что значит любить Родину?=2
Почему День Победы для многих людей – главный праздник в нашей стране?=2
Может ли один человек противостоять окружающему обществу?=2
Какую роль в становлении личности может играть семья?=2
Согласны ли Вы с утверждением Н.А. Некрасова: «Не будет гражданин достойный к отчизне холоден душой»?=2
Почему «отцы» часто опасаются самостоятельности «детей»?=2
Согласны ли Вы с мнением автора романа «Война и мир», что в условиях войны с особой силой проявляется истинный и ложный патриотизм?=2
Что такое счастье?=2
Что может противопоставить незаурядная личность пошлому миру?=2
Согласны ли Вы с утверждением древнегреческого писателя Лукиана: «В гражданской войне всякая победа есть поражение»?=2
Что такое родительская ответственность и в чём она проявляется?=2
Почему порой трудно признать чужую правоту?=2
Чему «отцы» могут поучиться у «детей»?=2
Легко ли сохранить верность долгу в военное время?=2
Что такое истинная храбрость на войне?=2
Похожи ли мои ровесники на молодёжь былых времён?=2
Почему так важно сохранять связь между поколениями?=2
Обижает ли Вас фраза человека старшего поколения: «Да, были люди в наше время…»?=2
«Гордиться славою своих предков не только можно, но и должно…» (А.С. Пушкин)=2
Как найти своё место в обществе?=2
Почему события Великой Отечественной войны нельзя забывать?=2
Что значит быть верным долгу?=2
Разделяете ли Вы убеждение Андрея Болконского: «надо…чтобы не для одного меня шла моя жизнь»?=2
Какова судьба гордого человека в обществе?=2
Согласны ли Вы с мыслью, что в конфликте всегда виноваты обе стороны?=2
Чем Ваши ровесники могут помочь людям, попавшим в беду?=2
Может ли благополучие общества быть гарантией счастья конкретного человека?=2
Какой человек обречён на непонимание и конфликт с обществом?=2
На каких примерах можно воспитать достойных граждан?=2
Согласны ли Вы с утверждением писателя Р. Роллана: «Всякий мужественный, всякий правдивый человек приносит честь своей родине»?=2
Что значит быть гражданином?=2
Можно ли назвать моё поколение нигилистическим?=2
«Война – печальней нету слова./ Война – святее нету слова…» (А. Т. Твардовский)=2
Почему человечество до сих пор не может отказаться от войн?=2
Влияет ли прошлое на настоящее?=2
Согласны ли Вы с утверждением Л.Н. Толстого: «Война не любезность, а самое гадкое дело в жизни…»?=2
Какие взгляды и поступки родителей вызывают уважение детей?=2
В чём польза и опасность конфликта?=2
Согласны ли Вы с мыслью чеховского героя: «Надо, чтобы за дверью каждого довольного, счастливого человека стоял кто-нибудь с молоточком и постоянно напоминал бы стуком, что есть несчастные…»=2
Когда представитель старшего поколения становится настоящим авторитетом для молодёжи?=2
Что такое нравственные уроки истории?=2
Чувствуете ли Вы себя частью своего поколения?=2
Может ли человек ставить себя выше общества?=2
Как Вы понимаете слова М. Горького: «Не зная прошлого, невозможно понять подлинный смысл настоящего и цели будущего»?=2
Что входит в понятие «дом»?=2
К чему стремятся мои сверстники?=2
Какого исторического деятеля Вы бы назвали подлинно выдающимся?=2
Что такое репутация человека в обществе?=2
Кого из современников Вы считаете героем нашего времени и почему?=2
Важно ли понимание души другого человека?=2
Какое влияние оказывает на человека историческое время?=2
Что значит в жизни человека родительский дом?=2
Какого человека можно назвать сложившейся личностью?=2
Что мешает доверию между людьми?=2
Что мешает нам сохранять добрые отношения с окружающими?=2
Прав ли Александр Дюма, отец, утверждавший: «У домов, как у людей, есть своя душа и свое лицо…»?=2
Какие деяния заслуживают благодарной памяти потомков?=2
Согласны ли Вы с убеждением автора романа «Война и мир», что единение всего народа – это условие победы в любой войне?=2
В какие времена обостряется конфликт «отцов и детей»?=2
Как Вы понимаете мысль поэта А.Т. Твардовского: «Кто прячет прошлое ревниво, тот вряд ли с будущим в ладу»?=2
Почему война за Отечество сплачивает народ?=2
Всегда ли необходимо идти «в ногу со временем»?=2
Зачем человеку нужно сравнивать себя с другими?=2
Почему дети и родители не всегда понимают друг друга?=2
Как Вы понимаете слова А.Т. Твардовского: «Есть имена и есть такие даты, – они нетленной сущности полны»?=2
Почему во все времена ценилась благотворительность?=2
Всё меняется или всё повторяется в этом мире?=2
Что значит быть современным?=2
Роль родительского наставления в жизни человека.=2
Какая общая цель способна объединить представителей разных поколений?=2
В чём истоки непонимания между людьми разных поколений?=2
Свидетелем какого исторического события Вы бы хотели оказаться, путешествуя во времени?=2
К каким последствиям могут привести общественные конфликты?=2
Согласны ли Вы с мыслью Ф.И. Тютчева: «Блажен, кто посетил сей мир в его минуты роковые»?=2
Правильно ли стремиться к независимости от общественного мнения?=2
Как Вы относитесь к такой жизненной позиции: «для меня не существует авторитетов»?=2
Чему могут научиться друг у друга отцы и дети?=2
Можно ли быть счастливым, когда вокруг несчастные?=2
Что такое гражданский долг?=2
Почему отцам бывает сложно принять те правила, по которым живут дети?=2
Как Вы понимаете утверждение А.Н. Радищева: «Только тогда станешь человеком, когда научишься видеть человека в другом»?=2
Люди, опередившие своё время, какие они?=2
Какие требования к личности предъявляет эпоха перемен?=2
Какую роль сильная личность может сыграть в жизни общества?=2
Как Вы понимаете выражение «достойный сын своего отца»?=2
.С какими вызовами сталкивается современная молодёжь?=2
Только ли добрые дела не подлежат забвению?=2
Согласны ли Вы с утверждением М. Горького: «человека создаёт его сопротивление окружающей среде»?=2
Всегда ли разногласия отцов и детей приводят к конфликту?=2
Почему в мирное время не угасает память о военном прошлом?=2
Когда Дом становится нравственной опорой человека?=2
Разделяете ли Вы убеждение автора романа «Война и мир», что исход сражения решается не распоряжениями главнокомандующего, а духом войска?=2
Согласны ли Вы с утверждением А.И. Герцена: «Полнее сознавая прошедшее, мы уясняем современное»?=2
Устарело ли понятие «домашнего очага»?=2
Согласны ли Вы со словами А.С. Пушкина: «Не может быть, чтобы со временем человеческое общество не поняло всю бессмысленность и жестокость войн»?=2
Что мешает взаимопониманию «отцов» и «детей»?=2
Как личность может влиять на общество?=2
Может ли человек прожить без Дома?=2
Должно ли искусство быть гражданственным?=2
Какие качества делают человека лидером?=2
Какие испытания несет человеку война?=2
«Живите в доме – и не рухнет дом» (А. Тарковский)=2
Чем может быть ценен для детей опыт отцов?=2
Как Вы понимаете высказывание Ф.М. Достоевского: «Созидается общество началами нравственными»?=2
Горечь и величие военной победы.=2
В какой дом хочется приходить снова и снова?=2
Может ли один человек изменить общество?=2
Как судьба человека связана с историей народа?=2
Почему важно сохранять память о трагических событиях отечественной истории?=2
Что объединяет нас в одно поколение?=2
Согласны ли Вы с Л. Н. Толстым, утверждающим, что война – «противное человеческому разуму и всей человеческой природе событие»?=2
Почему говорят: «в гостях хорошо, а дома лучше»?=2
Могут ли идейные разногласия отцов и детей оказаться сильнее родственных связей?=2
Кто из реформаторов прошлого интересен Вам и почему?=2
Почему гордые люди часто бывают одинокими?=2
В чём ценность исторического опыта?=2
Что мне хотелось бы изменить в жизни современного поколения?=2
Какой должна быть родительская любовь?=2
Почему миллионы людей участвуют в акции «Бессмертный полк»?=2
Согласны ли Вы с тем, что современное молодое поколение прагматично?=2
Согласны ли Вы с мнением автора романа «Война и мир», что фальшь и ложь ведут к разобщению и вражде?=2
Когда Дом нуждается в защите?=2
«Нам нужна одна победа, одна на всех – мы за ценой не постоим» (Б.Ш. Окуджава)=2
Чем опасно долгое отсутствие перемен?=2
Всегда ли конфликт поколений – это противостояние старого и нового?=2
Как избежать конфликта между «отцами» и «детьми»?=2
Хорош или плох жизненный принцип «быть как все»?=2
Что такое «добрососедство»?=2
Этот день изменил судьбу России…=2
«Кто говорит, что на войне не страшно, тот ничего не знает о войне» (Ю. В. Друнина)=2
О чём спорят мои сверстники?=2
Есть ли связь между счастьем и эгоизмом?=2
Как в эпоху перемен раскрываются нравственные качества людей?=2
Что нам мешает быть счастливыми?=2
Чем можно и нужно гордиться?=2
Что значит быть верным долгу?=2
Согласны ли Вы с французским писателем Альбером Камю, утверждавшим, что «каждому поколению свойственно считать себя призванным переделать мир»?=2
О чём может рассказать старый дом?=2
За что дети могут уважать своих родителей?=2
Важно ли человеку получить родительское напутствие?=2
Что такое истинная храбрость на войне?=2
Может ли личность подняться над средой?=2
Какие человеческие деяния долго сохраняются в памяти людей и почему?=2
Почему людей привлекает идея путешествия во времени?=2
Какими деяниями предков мы вправе гордиться?=2
В чём могут быть истоки дисгармонии между личностью и обществом?=2
Может ли мечта о славе быть подлинным смыслом жизни человека?=2
«Век нынешний и век минувший»: причины конфликта.=2
Можно ли считать, что перемены – всегда к лучшему?=2
«Век нынешний» и «век минувший»: возможно ли согласие?=2
Когда важно забыть о себе и о своём?=2
Почему человек страшится бездомности?=2
Одинаково ли представление о счастье у разных людей?=2
В какой период истории России Вы бы хотели жить и почему?=2
Событие русской истории, запечатлённое в литературе.=2
Возможно ли полное взаимопонимание между людьми разных поколений?=2
Надо ли хранить верность традициям?=2
Неизбежен ли конфликт «отцов» и «детей»?=2
Каким Вы представляете себе гармоничный семейный союз?=2
В чём могут быть истоки дисгармонии между личностью и обществом?=2
Всегда ли в конфликтах поколений правота лишь на одной стороне?=2
Плохо ли быть несовременным?=2
Почему нам необходима память о войне?=2
Почему нужно сохранять память о героях прошлого?=2
Память о каких людях не меркнет с годами?=2
Что в жизни людей остаётся неизменным даже в эпоху перемен?=2
Как становятся героями на войне?=2
В какую историческую эпоху Вы хотели бы жить и почему?=2
Что значит быть авторитетным человеком в обществе?=2
По каким признакам мы определяем время перемен?=2
Какие проблемы ставит перед человеком военное время?=2
Что такое подвиг на войне?=2
Чем полезен детям родительский опыт?=2
Согласны ли Вы с утверждением, что самыми счастливыми гражданами своей страны должны быть дети?=2
Согласны ли Вы с утверждением китайского философа Конфуция: «Не дай вам Бог жить в эпоху перемен»?=2
Согласны ли Вы с утверждением А.И. Герцена: «глубже опускаясь в смысл былого», мы «раскрываем смысл будущего»?=2
Что такое чувство дома?=2
Что лучше: быть как все или выделяться из толпы?=2
Когда, по-вашему, молодёжь нуждается в опыте старшего поколения?=2
Чему человек может научиться у других?=2
Что необходимо для прочного супружеского союза?=2
«Отцы» и «дети»: соперники или союзники?=2
Кого можно считать героем нашего времени?=2
Согласны ли Вы с пословицей «Один в поле не воин»?=2
Каким бывает подвиг на войне?=2
Почему человек нередко становится источником несчастий других людей?=2
Как Вы понимаете слова А.С. Пушкина: «Гордиться славою своих предков не только можно, но и должно, не уважать оной есть постыдное малодушие»?=2
Как связаны гражданский долг и личное счастье?=2
Когда дом становится местом встречи поколений?=2
Почему в поисках лучшей доли человек часто возвращается домой?=2
Нужно ли сопротивляться изменениям, которые приходят в Вашу жизнь?=2
В чём Вы видите ценность традиций для человека и общества в целом?=2
Личность и общество: возможна ли гармония?=2
Почему проблему «отцов и детей» называют вечной?=2
Согласны ли Вы с латинской пословицей: «Лучше погибнуть с честью, чем жить в бесчестии»?=2
Дом – это место, куда хочется возвращаться…=2
Какое влияние семья оказывает на формирование личности?=2
Можно ли играть «на живых струнах сердца человеческого»?=2
Что такое семейные традиции и зачем они нужны?=2
Возможен ли мир без войн?=2
Можно ли поделиться счастьем?=2
Как Вы понимаете призыв Н.А. Некрасова: «Поэтом можешь ты не быть, но гражданином быть обязан»?=2
Разделяете ли Вы представления автора романа «Война и мир» о подлинном величии исторического деятеля?=2
Какое событие в отечественной истории Вы считаете особенно важным?=2
Идеал гражданственности в понимании Некрасова и моём.=2
Может ли отдельная личность изменить общество?=2
Может ли один человек быть причиной наступления времени перемен?=2
Что такое мудрая родительская любовь?=2
Какого человека можно по праву назвать героем?=2
Почему важно знать историю своей семьи?=2
Надо ли сохранять традиции как социальный опыт прошлых поколений?=2
Трудно ли быть взрослым?=2
«И клятву верности сдержали…»: образцы настоящей верности.=2
Когда обществу становятся необходимы перемены?=2
Устарело ли сегодня понятие «честь семьи»?=2
Дом – это место или люди?=2
Бывает ли общественное мнение ошибочным?=2
Каким человеком могут гордиться окружающие?=2
Счастье – заслуга или случайный дар?=2
Как современная молодёжь относится к традициям?=2
Зачем человеку заглядывать в будущее?=2
Что важнее для детей: советы родителей или их пример?=2
Что может мешать отцам и детям понять друг друга?=2
Какого человека можно назвать героем своего времени?=2
Как изменится наша жизнь, если в людях исчезнет отзывчивость?=2
Почему старшему поколению порой бывает трудно понимать молодёжь?=2
Возможно ли общество, в котором все счастливы?=2
Война ж – совсем не фейерверк, а просто трудная работа... (М.В. Кульчицкий)=2
Какие черты ваших сверстников Вы считаете типичными?=2
Неизбежен ли конфликт между поколениями?=2
Что вкладывали в понятие «честь» люди XIX века?=2
Можно ли быть независимым от общественного мнения?=2
Рождается ли истина в споре поколений?=2
Может ли волонтёрство изменить жизнь общества к лучшему?=2
Война: преступление и подвиг.=2
Как Вы оцениваете мысль автора романа «Война и мир» о «духе войска» как главном факторе поражений и побед?=2
Какое влияние старшие могут оказать на выбор человеком жизненного пути?=2
Портрет читателя моего поколения.=2
Разделяете ли Вы представления автора романа «Война и мир» о подлинном героизме?=2
Какие проблемы в жизни общества нельзя решить с помощью денег?=2
Какие ещё произведения отечественной литературы могли бы носить название или подзаголовок «Отцы и дети»?=2
Как не потерять себя, добиваясь успеха в обществе?=2
В чём, по-вашему, должна проявляться родительская любовь?=2
Что труднее: подчиняться или подчинять?=2
Когда жилище становится Домом?=2
Меняется ли человек под влиянием других людей?=2
Какие черты моего поколения я считаю положительными?=2
Герои и антигерои в отечественной истории.=2
Какие правила жизни старших поколений я постараюсь передать своим детям?=2
Чем молодое поколение похоже на поколение отцов?=2
Почему, путешествуя, человек тоскует по дому?=2
Чему нужно учиться у современной молодёжи?=2
Родители и дети: спор или диалог?=2
В чём польза и опасность компромисса?=2
Что из прошлого Вы хотели бы перенести в будущее?=2
Как связаны понятия «дом» и «отечество»?=2
В чём может проявляться любовь к своему отечеству?=2
Какие поступки по отношению к другим свидетельствуют о духовной зрелости человека?=2
Как можно сохранить и передать потомкам опыт предков?=2
Согласны ли Вы с утверждением В.Г. Белинского: «Кто не принадлежит своему отечеству, тот не принадлежит и человечеству»?=2
Почему нигилизм свойственен именно молодому поколению?=2
Какой опыт даёт человеку война?=2
Можно ли судить о поколении по его кумирам?=2
Как человек приходит к ратному подвигу?=2
История и современность: нужен ли взгляд назад?=2
Согласны ли Вы с убеждением автора романа «Война и мир» в том, что патриотизм бывает «истинным» и «ложным»?=2
Почему тема войны не уходит из литературы?=2
Как связаны между собой эгоизм и одиночество?=2
Помощь другим – право или обязанность?=2
Согласны ли Вы с убеждением автора романа «Война и мир», что ход исторических событий не определяется волей одного человека?=2
Всегда ли общество ценит достойных людей?=2
Является ли вечным спор поколений?=2
Какие нравственные ценности укрепляют семью?=2
В чём может проявляться активная гражданская позиция?=2
Что такое «связь времён»?=2
Какими качествами должен обладать человек, способный двинуть человечество вперёд?=2
Что нужно совершить в жизни, чтобы заслужить благодарную память потомков?=2
Почему «отцы» часто недовольны своими «детьми»?=2
К чему приводит стремление возвыситься над окружающими?=2
Дом – это место или состояние души?=2
Может ли общество подавить в человеке индивидуальность?=2
Эпоха перемен: потери и обретения.=2
Как Вы понимаете слова писателя Ф. Искандера: «У человека есть ещё одна возможность быть счастливым – это умение радоваться чужому счастью»?=2
Почему «отцы и дети» – вечная тема?=2
Как Вы понимаете выражение «конфликт поколений»?=2
В чём сила фронтовой дружбы?=2
Легко ли жить в эпоху перемен?=2
Всегда ли нужно прислушиваться к общественному мнению?=2
Когда родители могут гордиться детьми?=2
В чём состоят обязанности человека перед обществом?=2
Когда человек может чувствовать себя одиноким в обществе?=2
Что может помешать полноценному диалогу людей разных поколений?=2
Какая историческая эпоха Вам особенно интересна и почему?=2
Что связывает сегодняшних людей с предыдущим поколением?=2
Почему человек, живущий в обществе, не может быть свободным от него?=2
Чем может быть ценен для отцов опыт детей?=2
Война Отечественная и война Гражданская – в чём отличие?=2
Влияет ли историческая эпоха на отношения «отцов» и «детей»?=2
Можно ли найти счастье в том, чтобы помогать несчастным?=2
Согласны ли Вы с утверждением Ф.М. Достоевского: «Каждый человек несёт ответственность перед всеми людьми за всех людей и за всё»?=2
Почему важно понимать чужое мнение?=2
Когда человек становится личностью?=2
Конфликт поколений как общественная проблема.=2
Что может стать основой взаимопонимания между людьми разных поколений?=2
Почему тема «отцов и детей» часто присутствует во многих произведениях литературы?=2
Есть ли место гуманизму на войне?=2
Забвение прошлого губительно для человека?=2
Всегда ли ценны заветы отцов?=2
Война и дом.=2
Согласны ли Вы с мыслью автора романа «Война и мир» о том, что «война противна человеческому разуму и всей человеческой природе»?=2
Может ли старшее поколение понять младшее?=2
Какое время можно назвать временем перемен?=2
Что нужно, чтобы построить дом в собственной душе?=2
Почему старшее поколение так редко бывает довольно молодёжью?=2
Бывает ли так, что один прав, а все ошибаются?=2
Какие традиционные ценности остаются важными для Вас в стремительно меняющемся мире?=2
Каковы духовные ценности современного поколения?=2
Какова роль дома и семьи в сохранении и передаче жизненного опыта?=2
Что в доме самое главное?=2
Как Вы относитесь к такой жизненной позиции: «не нуждаюсь ни в чьих советах»? =2
Какие события в истории нашей страны вызывают у вас гордость?=2
Почему тема весны так популярна у писателей?=3
Можно ли обойтись в жизни без творчества?=3
Нужно ли художнику обладать творческой смелостью?=3
Как вы понимаете выражение "творческая смелость художника"?=3
Чтение литературного произведения – труд или отдых?=3
Произведение, адресованное моему поколению.=3
Справедливо ли выражение: «Жизнь коротка – искусство вечно»?=3
К какому художественному произведению (музыке, фильму, спектаклю) я захочу обратиться ещё раз?=3
Технический прогресс на службе у человека или наоборот?=3
Какие возможности человека расширяет технический прогресс?=3
Какие книги Вам особенно интересны?=3
Обязательно к прочтению (прослушиванию, просмотру)!=3
Доступность информации в цифровую эпоху: за и против.=3
Моя любимая книга (музыка, фильм, спектакль).=3
Обо всех и обо мне – подлинное творение искусства.=3
Почему человек постоянно стремится заглянуть в будущее?=3
С кем из литературных героев Вы бы отправились в путешествие?=3
Какая угроза способна объединить человечество?=3
Какое художественное произведение (музыка, фильм, спектакль) я могу назвать своим «учебником жизни»?=3
Произведение (книга, музыка, фильм, спектакль), которое открывает путь к самопознанию.=3
Почему многие люди боятся перемен в жизни?=3
Как Вы понимаете призыв Н.А. Некрасова: «Служа искусству, для блага ближнего живи»?=3
Должно ли искусство воспитывать людей?=3
Есть ли что-то в человеческой жизни, что невозможно заменить никакими технологиями?=3
Способна ли природа воспитывать человека?=3
Книги моего детства.=3
Как мир человеческих чувств соотносится с временами года?=3
В память о каком писателе Вы бы открыли музей?=3
Как искусство помогает понять действительность?=3
Почему тема времён года так интересна писателям?=3
Какую книгу я бы посоветовал прочитать другу?=3
Помогает ли человеку книга лучше понять себя?=3
Какие вопросы, поднятые в литературе, не теряют своей актуальности с течением времени?=3
Помогают ли произведения искусства (книга, музыка, фильм, спектакль) лучше понять себя?=3
Какое произведение литературы, по Вашему мнению, будут помнить в XXII веке и почему?=3
Прав ли П.И. Чайковский, утверждавший, что «искусство создает хороших людей, формирует человеческую душу»?=3
Какова роль искусства в жизни общества?=3
Какие явления природы обрели в литературе символическое звучание?=3
Согласны ли Вы с утверждением А.И. Солженицына: «Единственный заменитель не прожитого нами опыта – литература»?=3
Помогает ли литература сформировать жизненный идеал?=3
Какую профессию Вы бы назвали профессией будущего?=3
Что важнее для современного поколения: умение жить в цифровом мире или живое общение?=3
Почему в (искусстве) литературе так часто изображают небо и звёзды?=3
Кому в литературе удалось, с Вашей точки зрения, наиболее ярко отразить эпоху перемен?=3
Как защитить Землю от негативных последствий технического прогресса?=3
Какое произведение (книга, музыка, фильм, спектакль) даёт наибольший простор моей фантазии?=3
Какую роль в достижении целей играет чтение книг?=3
Какими нравственными качествами должен обладать современный учёный?=3
Почему писатели, размышляя о путях развития цивилизации, обращались к антиутопиям?=3
«Беседовать с писателями других веков — почти то же, что путешествовать» (Р. Декарт).=3
Можно ли лучше понять самого себя, знакомясь с произведением искусства (книгой, музыкой, фильмом, спектаклем)?=3
Согласны ли Вы с тем, что новые технологии делают жизнь человека проще?=3
Неизбежен ли конфликт природы и цивилизации?=3
Встреча с искусством: не развлечение, а труд души.=3
Человек и природная стихия.=3
Как Вы понимаете утверждение Л.Н. Толстого: «Искусство – одно из средств различения доброго от злого»?=3
Согласны ли Вы с утверждением Э.М. Ремарка: «Когда человек одинок, он начинает присматриваться к природе»?=3
Согласны ли Вы с мыслью Л.Н. Толстого: «Ни невежественный, ни себялюбивый человек не может стать значительным художником»?=3
Согласны ли Вы с утверждением, что искусству можно и нужно учиться?=3
Почему достижения прогресса, дающие человеку удобства и комфорт, могут быть опасны для человечества?=3
Когда можно говорить о разумном использовании достижений цивилизации?=3
Как на современное поколение влияют технические открытия нашей эпохи?=3
Как пейзажные страницы произведений помогают понять характер и состояние человека?=3
Шаги цивилизации: обретения и потери.=3
Какие произведения становятся классическими?=3
Какое произведение искусства можно назвать великим?=3
Какое произведение (книга, музыка, фильм, спектакль) близко моему внутреннему миру?=3
Какое достижение научно-технического прогресса Вы считаете самым важным и почему?=3
Человек науки – каким он должен быть?=3
Можно ли говорить о пользе искусства?=3
Нужны ли нравственные ограничения для научного исследования?=3
Почему картины зимы так интересны писателям?=3
Какое место литература занимает в Вашей жизни?=3
Случайно ли «природа» и «Родина» – однокоренные слова?=3
Чтение какой книги потребовало от Вас душевной работы?=3
Какие проблемы человечества придётся решать Вашему поколению?=3
Почему люди по-разному воспринимают одно и то же произведение искусства?=3
Может ли книга помочь в минуту отчаяния?=3
Мои личные открытия в мире культуры (размышление о книге, или музыке, или фильме, или спектакле).=3
Приобщаясь к культуре (читая, или смотря, или слушая), лучше познаёшь мир...=3
Какую роль чтение художественной литературы играет в становлении личности?=3
Произведение о войне, которое Вас взволновало.=3
Что добавляет читательский опыт жизненному опыту?=3
Что необходимо талантливому человеку, чтобы стать творцом искусства?=3
Гармония природы и несовершенство человека.=3
Над чем Вас заставил задуматься роман Л.Н. Толстого «Война и мир»?=3
Чему человек может научиться у природы?=3
Какую книгу я считаю величайшим достижением культуры?=3
Кумиры моего поколения: какие они?=3
Как смелость может проявиться в творчестве?=3
Какие книги, по-вашему, не подлежат забвению?=3
Какую книгу Вы бы хотели экранизировать?=3
Художественное произведение (книга, музыка, фильм, спектакль), которое заставило меня переживать.=3
«Книга для каждого освещает наше личное движение к истине» (М.М. Пришвин)=3
Что важнее в книге – как она написана или о чём?=3
Чем мир живой природы привлекателен для писателя?=3
Какое литературное (музыкальное, театральное, кинематографическое) произведение прошлого актуально для сегодняшнего дня?=3
Какие книги Вы читаете с удовольствием?=3
Встреча с каким произведением искусства произвела на Вас наиболее сильное впечатление?=3
Почему картины весны так интересны писателям?=3
В чём секрет популярности стихов и песен военных лет?=3
Какие черты характера помогают человеку реализовать свой дар?=3
Какое из произведений я бы хотел поставить на сцене?=3
Помогают ли новые технологии сделать жизнь на нашей планете лучше?=3
Произведение (книга, музыка, фильм, спектакль), которое меня взволновало.=3
В чём Вы видите пользу и вред технологического прогресса?=3
Как Вы понимаете выражение «жить в гармонии с природой»?=3
К какому произведению (литературному, музыкальному, театральному, кинематографическому) я возвращаюсь снова и снова?=3
Как история отражается в литературном произведении?=3
Согласны ли Вы с утверждением Н.В. Гоголя: «Кто заключил в себе талант, тот чище всех должен быть душою»?=3
Нужно ли классическое искусство современному человеку?=3
Согласны ли Вы с тем, что новые технологии усложняют жизнь человека?=3
Что ценнее: красота природы или красота, сотворённая человеком?=3
Человек и «братья наши меньшие» в литературе.=3
Какую книгу Вам хотелось бы перечитать?=3
Согласны ли Вы с утверждением: человек, любящий читать, никогда не будет одинок?=3
От чего Вы хотели бы предостеречь своих далёких потомков?=3
Какую книгу Вы посоветовали бы прочитать тому, кто устал надеяться?=3
Почему литературу часто называют «человековедением»?=3
Помогает ли искусство осмыслить реальность и даже изменить её?=3
Должен ли учёный думать о последствиях своих открытий?=3
Какие открытия, на Ваш взгляд, изменили судьбу человечества?=3
Что Вас волнует больше: красота природы или красота, сотворённая человеком?=3
Человек – хозяин природы или её часть?=3
Что мешает человеку обрести гармонию с природой?=3
Согласны ли Вы с утверждением героя трагедии А.С. Пушкина «Моцарт и Сальери»: «Гений и злодейство — две вещи несовместные»?=3
Какое искусство называют настоящим?=3
Отечественная классическая литература для Вас – это нестареющее наследие?=3
Как повлияло развитие техники и технологии на молодое поколение?=3
Какие темы художественной литературы не теряют своей актуальности с течением времени?=3
Согласны ли Вы с утверждением о том, что чтение учит думать?=3
Чего лишены люди, равнодушные к искусству?=3
Чем творчество М. Ю. Лермонтова может быть интересно современному читателю? (По одному или нескольким произведениям М. Ю. Лермонтова)=3
Почему общение с природой важно для человека?=3
Как Вы понимаете высказывание Ф.М. Достоевского: «В том-то и признак настоящего искусства, что оно всегда современно, насущно, полезно»?=3
Почему нужно учиться понимать искусство?=3
Меняются ли люди в условиях технического прогресса?=3
Способна ли книга сделать человека лучше?=3
Книга, хранящая память о великом подвиге.=3
Почему в литературе (искусстве) так часто изображают море и горы?=3
Как влияют произведения искусства на внутренний мир человека?=3
Почему природа – вечный источник вдохновения для писателей?=3
Согласны ли Вы с высказыванием Л.Н. Толстого: «Настоящее художественное произведение нельзя делать по заказу»?=3
Почему настоящее произведение искусства переживает своего создателя?=3
Что для меня особенно важно в произведении искусства (книге, музыке, фильме, спектакле)?=3
Какие опасности таит в себе технический прогресс?=3
В чём достоинства и недостатки виртуального путешествия?=3
Согласны ли Вы со словами А.А. Вознесенского: «Все прогрессы реакционны, если рушится человек»?=3
Способна ли природа давать подсказки человеку?=3
Произведение искусства – зеркало или окно в мир?=3
Согласны ли Вы с мнением, что самое эффективное изобретение в истории — книга?=3
Какие проблемы, поднятые классической литературой, актуальны для нынешнего молодого поколения?=3
Книга, которую я прочту своим детям.=3
Как Вы понимаете высказывание Л.Н. Толстого: «Произведение искусства хорошо или дурно от того, насколько от души говорит художник»?=3
Произведение о войне, которое Вам запомнилось.=3
Почему некоторые книги люди перечитывают?=3
Может ли научное открытие представлять опасность для человека и человечества?=3
Какие проблемы, поднимаемые писателями, Вы считаете актуальными?=3
Литература и кино: соперничество или сотрудничество?=3
Когда произведение искусства становится бессмертным?=3
Нужно ли с детства учиться понимать произведения искусства?=3
Кто из современных писателей Вам особенно близок?=3
Мешает ли прогресс взаимопониманию между поколениями?=3
В какой книге изображён портрет современного поколения?=3
Вид искусства (литература, музыка, театр, кино), который особенно привлекателен для меня.=3
Что значит служить искусству?=3
В мир какого произведения Вы бы хотели попасть и почему?=3
В чём заключается предназначение писателя?=3
Почему мир природы часто противопоставляют миру людей?=3
Обращаясь к искусству, я ищу героев, похожих на меня, или хочу быть похожим на героев?=3
Согласны ли Вы с высказыванием немецкого писателя Б. Брехта: «Искусство требует знаний»?=3
Почему картины осени так интересны писателям?=3
Может ли общение с природой обогатить человека?=3
Должен ли язык искусства быть понятен каждому?=3
Помогают ли произведения искусства (книга, музыка, фильм, спектакль) лучше понимать окружающих?=3
Помогают ли произведения искусства (книга, музыка, фильм, спектакль) лучше разбираться в людях?=3
Какие общечеловеческие ценности утверждаются в классической литературе?=3
Каково отношение современного человека к природе?=3
Может ли природа помочь человеку понять себя?=3
Стал ли человек другим в эпоху технологий?=3
Может ли поэт что-либо изменить в этом мире?=3
Возможно ли остановить стремление человека к техническому прогрессу?=3
Что может дать человеку общение с природой?=3
«Следовать за мыслями великого человека есть наука самая занимательная» (А.С. Пушкин)=3
Как Вы понимаете слова Б.Л. Пастернака: «Цель творчества – самоотдача, а не шумиха, не успех»?=3
Книга как путешествие в прошлое.=3
Может ли произведение искусства (книга, музыка, фильм, спектакль) помочь в решении жизненных вопросов?=3
Произведение какого писателя (композитора, режиссёра) я бы порекомендовал своим друзьям?=3
От чего предостерегают человечество антиутопии?=3
О чём Вас заставляет задуматься научная фантастика?=3
Мои предпочтения в мире кино (литературы, театра, музыки).=3
Как природа помогает понять мир человеческих чувств?=3
Чего я жду от новой книги?=3
Природа и внутренний мир человека: созвучие и диссонанс.=3
Времена года в литературе: кто из авторов Вам ближе и почему?=3
Прикосновение к шедевру искусства – это путь к самопознанию.=3
Чем мне понравился фильм (книга, музыка, спектакль)?=3
Какая тема в литературе кажется Вам вечной?=3
Всегда ли можно считать прогрессом развитие технологий?=3
Что такое вечная тема в искусстве?=3
Способно ли явление культуры (книга, музыка, фильм, спектакль) изменить взгляды человека на жизнь?=3